/*
Preliminary Data for Imperial Defense Database
*/
USE imperial_defense;
SELECT 'DATABASE SELECTED' AS MSG;
INSERT INTO AntiVirus VALUES('Aphalea','Imperial MOI','Z','U','2025-08-04');
INSERT INTO AntiVirus VALUES('Caistea','Imperial MOI','W','K','2023-12-14');
INSERT INTO AntiVirus VALUES('Lorix','Imperial MOD','W','V','2022-07-25');
INSERT INTO AntiVirus VALUES('Seubos','Imperial MODI','Y','K','2023-03-12');
INSERT INTO AntiVirus VALUES('Gnypso','Imperial MODI','W','U','2022-12-05');
SELECT 'ANTIVRUS RELATION BUILT' AS MSG;
DO SLEEP(3);

INSERT INTO Firewall VALUES('FWx-0','Ecoria','Packet');
INSERT INTO Firewall VALUES('FW_y-0','Zara','Packet');
INSERT INTO Firewall VALUES('FW_y-1','Etis','Packet');
INSERT INTO Firewall VALUES('FWx-1','Zara','Frame');
INSERT INTO Firewall VALUES('FW-2','Zara','Packet');
INSERT INTO Firewall VALUES('FW_y-2','Zara','Packet');
INSERT INTO Firewall VALUES('FWx-3','Ecoria','Packet');
INSERT INTO Firewall VALUES('FW-0','Etis','Packet');
INSERT INTO Firewall VALUES('FWx-7','Etis','Frame');
INSERT INTO Firewall VALUES('FWx-5','Cheirus','Frame');
INSERT INTO Firewall VALUES('FW_y-9','Etis','Frame');
SELECT 'FIREWALL RELATION BUILT' AS MSG;
DO SLEEP(3);

INSERT INTO IntrusionSystem VALUES('IDSys-0','Network','Signature');
INSERT INTO IntrusionSystem VALUES('IDSys-1','Host-Based','Anomaly');
INSERT INTO IntrusionSystem VALUES('IDSys-2','Host-Based','Signature');
INSERT INTO IntrusionSystem VALUES('IDSys-3','Network','Anomaly');
INSERT INTO IntrusionSystem VALUES('IDSys-5','Network','Signature');
SELECT 'INTRUSION SYSTEM RELATION BUILT' AS MSG;
DO SLEEP(3);

INSERT INTO Subnet VALUES('SNa-0','101.010.111.01','IPv4','Beta');
INSERT INTO Subnet VALUES('SN-1','101.010.111.01','IPv6','Alpha');
INSERT INTO Subnet VALUES('SNb-0','101.010.111.01','IPv4','Beta');
INSERT INTO Subnet VALUES('SN-3','000.000.000.00','IPv6','Gamma');
INSERT INTO Subnet VALUES('SNb-7','000.000.000.00','IPv4','Gamma');
INSERT INTO Subnet VALUES('SNb-3','001.100.010.00','IPv6','Gamma');
SELECT 'SUBNET RELATION BUILT' AS MSG;
DO SLEEP(3);

INSERT INTO Site VALUES('Eap246e1','A1','OFFLINE',38,39);
INSERT INTO Site VALUES('Eap0012','B2','ONLINE',80,168);
INSERT INTO Site VALUES('Cah99q3','C3','OFFLINE',27,2);
INSERT INTO Site VALUES('Eay0014','E4','ONLINE',10,10);
INSERT INTO Site VALUES('Eaw246e5','C5','ONLINE',45,233);
INSERT INTO Site VALUES('Eay0016','E6','OFFLINE',59,212);
INSERT INTO Site VALUES('Aah987w7','E7','ONLINE',56,55);
INSERT INTO Site VALUES('Day0018','C8','OFFLINE',54,218);
INSERT INTO Site VALUES('Eah246e9','F9','ONLINE',2,99);
INSERT INTO Site VALUES('Daw987w10','F10','OFFLINE',54,137);
INSERT INTO Site VALUES('Aar003s11','C11','ONLINE',50,208);
INSERT INTO Site VALUES('Eaw99q12','A12','ONLINE',21,178);
INSERT INTO Site VALUES('Far00113','A13','ONLINE',66,182);
INSERT INTO Site VALUES('Cax987w14','D14','ONLINE',45,95);
INSERT INTO Site VALUES('Eap99q15','C15','ONLINE',62,249);
INSERT INTO Site VALUES('Cay987w16','A16','ONLINE',98,115);
INSERT INTO Site VALUES('Bar99q17','F17','ONLINE',81,243);
INSERT INTO Site VALUES('Bar246e18','C18','OFFLINE',15,226);
INSERT INTO Site VALUES('Ear019k19','A19','ONLINE',68,115);
INSERT INTO Site VALUES('Fay246e20','B20','OFFLINE',50,297);
INSERT INTO Site VALUES('Aax00121','F21','ONLINE',2,193);
SELECT 'SITE RELATION BUILT' AS MSG;
DO SLEEP(3);

INSERT INTO Network (NetName,NetType,Bandwidth,CSwitched,NetStatus) VALUES('Zebetis04zNET_CIV','VIDEO',403,false,'OFFLINE');
INSERT INTO Network (NetName,NetType,Bandwidth,CSwitched,NetStatus) VALUES('Povebos04zNET_CIV','VIDEO',159,true,'OFFLINE');
INSERT INTO Network (NetName,NetType,Bandwidth,CSwitched,NetStatus) VALUES('Ginda02xNET_SAT','COMM',321,true,'ONLINE');
INSERT INTO Network (NetName,NetType,Bandwidth,CSwitched,NetStatus) VALUES('Zebetis02xNET_SAT','COMM',653,true,'OFFLINE');
INSERT INTO Network (NetName,NetType,Bandwidth,CSwitched,NetStatus) VALUES('Brore01wNET_TRACK','DATA',495,true,'OFFLINE');
INSERT INTO Network (NetName,NetType,Bandwidth,CSwitched,NetStatus) VALUES('Brore03yNET_SAT','DATA',128,true,'ONLINE');
INSERT INTO Network (NetName,NetType,Bandwidth,CSwitched,NetStatus) VALUES('Trerth05uNET_DEF','DATA',743,true,'ONLINE');
INSERT INTO Network (NetName,NetType,Bandwidth,CSwitched,NetStatus) VALUES('Brore06vNET_SURV','DATA',540,true,'OFFLINE');
INSERT INTO Network (NetName,NetType,Bandwidth,CSwitched,NetStatus) VALUES('Zebetis05uNET_CIV','VIDEO',809,false,'ONLINE');
INSERT INTO Network (NetName,NetType,Bandwidth,CSwitched,NetStatus) VALUES('Trerth01wNET_CIV','DATA',447,false,'ONLINE');
SELECT 'NETWORK RELATION BUILT' AS MSG;
DO SLEEP(3);

INSERT INTO Router VALUES('RTR1','Border','Static','Edge','Brore01wNET_TRACK');
INSERT INTO Router VALUES('RTR2','Border','Static','Backbone','Brore06vNET_SURV');
INSERT INTO Router VALUES('RTR3','Interior','Dynamic','Edge','Povebos04zNET_CIV');
INSERT INTO Router VALUES('RTR4','Interior','Dynamic','Backbone','Zebetis04zNET_CIV');
INSERT INTO Router VALUES('RTR5','Border','Dynamic','Backbone','Zebetis04zNET_CIV');
INSERT INTO Router VALUES('RTR6','Border','Static','Port Forwarding','Brore06vNET_SURV');
INSERT INTO Router VALUES('RTR7','Exterior','Static','Backbone','Ginda02xNET_SAT');
INSERT INTO Router VALUES('RTR8','Border','Dynamic','Backbone','Brore03yNET_SAT');
INSERT INTO Router VALUES('RTR9','Exterior','Static','Edge','Povebos04zNET_CIV');
INSERT INTO Router VALUES('RTR10','Exterior','Static','Backbone','Brore03yNET_SAT');
INSERT INTO Router VALUES('RTR11','Exterior','Dynamic','Port Forwarding','Trerth01wNET_CIV');
INSERT INTO Router VALUES('RTR12','Exterior','Static','Edge','Brore01wNET_TRACK');
INSERT INTO Router VALUES('RTR13','Exterior','Static','Backbone','Zebetis04zNET_CIV');
INSERT INTO Router VALUES('RTR14','Exterior','Static','Backbone','Zebetis04zNET_CIV');
INSERT INTO Router VALUES('RTR15','Exterior','Dynamic','Backbone','Trerth01wNET_CIV');
INSERT INTO Router VALUES('RTR16','Exterior','Static','Edge','Ginda02xNET_SAT');
INSERT INTO Router VALUES('RTR17','Exterior','Static','Backbone','Zebetis05uNET_CIV');
INSERT INTO Router VALUES('RTR18','Border','Static','Port Forwarding','Trerth01wNET_CIV');
INSERT INTO Router VALUES('RTR19','Exterior','Static','Port Forwarding','Zebetis05uNET_CIV');
INSERT INTO Router VALUES('RTR20','Border','Static','Backbone','Brore06vNET_SURV');
INSERT INTO Router VALUES('RTR21','Interior','Dynamic','Port Forwarding','Povebos04zNET_CIV');
INSERT INTO Router VALUES('RTR22','Exterior','Static','Backbone','Trerth01wNET_CIV');
INSERT INTO Router VALUES('RTR23','Border','Static','Port Forwarding','Brore01wNET_TRACK');
INSERT INTO Router VALUES('RTR24','Interior','Dynamic','Port Forwarding','Povebos04zNET_CIV');
INSERT INTO Router VALUES('RTR25','Border','Static','Backbone','Trerth05uNET_DEF');
INSERT INTO Router VALUES('RTR26','Interior','Dynamic','Port Forwarding','Trerth05uNET_DEF');
INSERT INTO Router VALUES('RTR27','Interior','Dynamic','Backbone','Trerth05uNET_DEF');
INSERT INTO Router VALUES('RTR28','Exterior','Dynamic','Edge','Ginda02xNET_SAT');
INSERT INTO Router VALUES('RTR29','Border','Static','Backbone','Brore03yNET_SAT');
INSERT INTO Router VALUES('RTR30','Interior','Dynamic','Edge','Trerth05uNET_DEF');
SELECT 'ROUTER RELATION BUILT' AS MSG;
DO SLEEP(3);

INSERT INTO Switch VALUES('SW-1',51548,34261,false,false,'Brore06vNET_SURV');
INSERT INTO Switch VALUES('SW-2',7898,7314,true,false,'Ginda02xNET_SAT');
INSERT INTO Switch VALUES('SW-3',47588,28129,true,true,'Brore03yNET_SAT');
INSERT INTO Switch VALUES('SW-4',23586,41954,false,true,'Zebetis05uNET_CIV');
INSERT INTO Switch VALUES('SW-5',58275,49511,false,false,'Zebetis02xNET_SAT');
INSERT INTO Switch VALUES('SW-6',36675,15992,false,true,'Trerth01wNET_CIV');
INSERT INTO Switch VALUES('SW-7',10753,64194,false,true,'Brore01wNET_TRACK');
INSERT INTO Switch VALUES('SW-8',59628,64996,false,true,'Povebos04zNET_CIV');
INSERT INTO Switch VALUES('SW-9',10810,9565,true,false,'Zebetis04zNET_CIV');
INSERT INTO Switch VALUES('SW-10',10114,4298,false,false,'Zebetis02xNET_SAT');
INSERT INTO Switch VALUES('SW-11',44226,64309,false,false,'Povebos04zNET_CIV');
INSERT INTO Switch VALUES('SW-12',1310,32182,true,true,'Trerth05uNET_DEF');
INSERT INTO Switch VALUES('SW-13',62863,4798,true,false,'Ginda02xNET_SAT');
INSERT INTO Switch VALUES('SW-14',14799,45245,true,true,'Trerth01wNET_CIV');
INSERT INTO Switch VALUES('SW-15',14635,17449,false,true,'Zebetis04zNET_CIV');
INSERT INTO Switch VALUES('SW-16',33861,50458,false,true,'Ginda02xNET_SAT');
INSERT INTO Switch VALUES('SW-17',28561,43081,true,false,'Povebos04zNET_CIV');
INSERT INTO Switch VALUES('SW-18',21284,36512,true,true,'Povebos04zNET_CIV');
INSERT INTO Switch VALUES('SW-19',26955,59730,false,true,'Brore03yNET_SAT');
INSERT INTO Switch VALUES('SW-20',32309,22476,true,false,'Trerth01wNET_CIV');
INSERT INTO Switch VALUES('SW-21',44834,38800,true,true,'Zebetis02xNET_SAT');
INSERT INTO Switch VALUES('SW-22',49735,44701,true,true,'Brore03yNET_SAT');
INSERT INTO Switch VALUES('SW-23',56057,15638,true,true,'Trerth05uNET_DEF');
INSERT INTO Switch VALUES('SW-24',56660,60837,false,true,'Trerth05uNET_DEF');
INSERT INTO Switch VALUES('SW-25',55449,48120,false,true,'Povebos04zNET_CIV');
INSERT INTO Switch VALUES('SW-26',38361,24766,false,false,'Brore03yNET_SAT');
INSERT INTO Switch VALUES('SW-27',61840,63608,true,true,'Povebos04zNET_CIV');
INSERT INTO Switch VALUES('SW-28',16011,62665,false,true,'Trerth01wNET_CIV');
INSERT INTO Switch VALUES('SW-29',45012,60668,true,true,'Zebetis05uNET_CIV');
INSERT INTO Switch VALUES('SW-30',36838,32990,true,true,'Trerth01wNET_CIV');
SELECT 'SWITCH RELATION BUILT' AS MSG;
DO SLEEP(3);

INSERT INTO Hub VALUES('HB-1',17,495,495,'Zebetis02xNET_SAT');
INSERT INTO Hub VALUES('HB-2',18,1746,1759,'Brore01wNET_TRACK');
INSERT INTO Hub VALUES('HB-3',17,364,377,'Zebetis05uNET_CIV');
INSERT INTO Hub VALUES('HB-4',15,1908,1920,'Brore06vNET_SURV');
INSERT INTO Hub VALUES('HB-5',17,377,378,'Brore06vNET_SURV');
INSERT INTO Hub VALUES('HB-6',15,918,937,'Brore06vNET_SURV');
INSERT INTO Hub VALUES('HB-7',16,1982,1997,'Ginda02xNET_SAT');
INSERT INTO Hub VALUES('HB-8',18,660,664,'Ginda02xNET_SAT');
INSERT INTO Hub VALUES('HB-9',11,1257,1267,'Trerth01wNET_CIV');
INSERT INTO Hub VALUES('HB-10',18,1106,1111,'Ginda02xNET_SAT');
INSERT INTO Hub VALUES('HB-11',15,566,584,'Ginda02xNET_SAT');
INSERT INTO Hub VALUES('HB-12',16,1585,1593,'Brore01wNET_TRACK');
INSERT INTO Hub VALUES('HB-13',12,264,281,'Zebetis04zNET_CIV');
INSERT INTO Hub VALUES('HB-14',14,1338,1338,'Brore03yNET_SAT');
INSERT INTO Hub VALUES('HB-15',15,1486,1489,'Zebetis04zNET_CIV');
INSERT INTO Hub VALUES('HB-16',10,719,736,'Brore06vNET_SURV');
INSERT INTO Hub VALUES('HB-17',19,689,695,'Brore03yNET_SAT');
INSERT INTO Hub VALUES('HB-18',12,446,450,'Zebetis05uNET_CIV');
INSERT INTO Hub VALUES('HB-19',14,690,708,'Brore01wNET_TRACK');
INSERT INTO Hub VALUES('HB-20',12,1391,1399,'Brore03yNET_SAT');
INSERT INTO Hub VALUES('HB-21',12,782,783,'Zebetis02xNET_SAT');
INSERT INTO Hub VALUES('HB-22',13,1715,1728,'Ginda02xNET_SAT');
INSERT INTO Hub VALUES('HB-23',11,1771,1790,'Ginda02xNET_SAT');
INSERT INTO Hub VALUES('HB-24',17,1685,1685,'Zebetis05uNET_CIV');
INSERT INTO Hub VALUES('HB-25',17,1930,1948,'Brore01wNET_TRACK');
INSERT INTO Hub VALUES('HB-26',15,138,150,'Zebetis04zNET_CIV');
INSERT INTO Hub VALUES('HB-27',18,1652,1659,'Zebetis04zNET_CIV');
INSERT INTO Hub VALUES('HB-28',20,1666,1668,'Povebos04zNET_CIV');
INSERT INTO Hub VALUES('HB-29',12,191,202,'Brore03yNET_SAT');
INSERT INTO Hub VALUES('HB-30',18,134,139,'Brore03yNET_SAT');
SELECT 'HUB RELATION BUILT' AS MSG;
DO SLEEP(3);


INSERT INTO Repeater VALUES('RPTR-1',54600,1781,1801,'Brore06vNET_SURV');
INSERT INTO Repeater VALUES('RPTR-2',56028,378,419,'Brore03yNET_SAT');
INSERT INTO Repeater VALUES('RPTR-3',24708,1646,1674,'Zebetis05uNET_CIV');
INSERT INTO Repeater VALUES('RPTR-4',44321,960,1022,'Brore01wNET_TRACK');
INSERT INTO Repeater VALUES('RPTR-5',35178,993,1085,'Zebetis05uNET_CIV');
INSERT INTO Repeater VALUES('RPTR-6',28727,832,840,'Trerth01wNET_CIV');
INSERT INTO Repeater VALUES('RPTR-7',7195,1219,1335,'Brore01wNET_TRACK');
INSERT INTO Repeater VALUES('RPTR-8',36880,324,477,'Zebetis02xNET_SAT');
INSERT INTO Repeater VALUES('RPTR-9',53995,1430,1531,'Trerth05uNET_DEF');
INSERT INTO Repeater VALUES('RPTR-10',42555,978,1109,'Zebetis05uNET_CIV');
INSERT INTO Repeater VALUES('RPTR-11',57145,1042,1127,'Brore01wNET_TRACK');
INSERT INTO Repeater VALUES('RPTR-12',51748,1913,2101,'Brore01wNET_TRACK');
INSERT INTO Repeater VALUES('RPTR-13',30136,1134,1238,'Zebetis04zNET_CIV');
INSERT INTO Repeater VALUES('RPTR-14',34490,467,638,'Ginda02xNET_SAT');
INSERT INTO Repeater VALUES('RPTR-15',29961,1158,1165,'Ginda02xNET_SAT');
INSERT INTO Repeater VALUES('RPTR-16',60555,35,203,'Brore06vNET_SURV');
INSERT INTO Repeater VALUES('RPTR-17',57893,1908,1944,'Trerth01wNET_CIV');
INSERT INTO Repeater VALUES('RPTR-18',36952,1638,1741,'Brore06vNET_SURV');
INSERT INTO Repeater VALUES('RPTR-19',44642,9,197,'Trerth01wNET_CIV');
INSERT INTO Repeater VALUES('RPTR-20',26550,548,561,'Brore01wNET_TRACK');
INSERT INTO Repeater VALUES('RPTR-21',51558,722,821,'Ginda02xNET_SAT');
INSERT INTO Repeater VALUES('RPTR-22',4714,61,94,'Zebetis05uNET_CIV');
INSERT INTO Repeater VALUES('RPTR-23',59224,1461,1472,'Ginda02xNET_SAT');
INSERT INTO Repeater VALUES('RPTR-24',7873,845,977,'Zebetis04zNET_CIV');
INSERT INTO Repeater VALUES('RPTR-25',20215,1139,1144,'Brore03yNET_SAT');
INSERT INTO Repeater VALUES('RPTR-26',41488,1130,1203,'Brore06vNET_SURV');
INSERT INTO Repeater VALUES('RPTR-27',38225,870,1027,'Ginda02xNET_SAT');
INSERT INTO Repeater VALUES('RPTR-28',41280,803,912,'Brore06vNET_SURV');
INSERT INTO Repeater VALUES('RPTR-29',52054,769,770,'Trerth05uNET_DEF');
INSERT INTO Repeater VALUES('RPTR-30',62097,288,295,'Ginda02xNET_SAT');
SELECT 'REPEATER RELATION BUILT' AS MSG;
DO SLEEP(3);

INSERT INTO Widget VALUES('WDG#1','Device','Brore03yNET_SAT','Aah987w7','AX-206',false,NULL);
INSERT INTO Widget VALUES('WDG#2','Device','Povebos04zNET_CIV','Aah987w7','AX-233',true,NULL);
INSERT INTO Widget VALUES('WDG#3','Terminal','Trerth05uNET_DEF','Far00113','CW-584',false,NULL);
INSERT INTO Widget VALUES('WDG#4','Pad','Povebos04zNET_CIV','Bar246e18','AX-866',true,NULL);
INSERT INTO Widget VALUES('WDG#5','Device','Trerth01wNET_CIV','Cay987w16','BY-917',true,NULL);
INSERT INTO Widget VALUES('WDG#6','Pad','Zebetis05uNET_CIV','Daw987w10','CW-1219',false,NULL);
INSERT INTO Widget VALUES('WDG#7','Terminal','Brore06vNET_SURV','Cax987w14','AX-1187',false,NULL);
INSERT INTO Widget VALUES('WDG#8','Terminal','Povebos04zNET_CIV','Cax987w14','AX-346',false,NULL);
INSERT INTO Widget VALUES('WDG#9','Device','Zebetis02xNET_SAT','Eaw99q12','DV-1486',false,NULL);
INSERT INTO Widget VALUES('WDG#10','Pad','Brore01wNET_TRACK','Cah99q3','DV-402',true,NULL);
INSERT INTO Widget VALUES('WDG#11','Device','Brore03yNET_SAT','Daw987w10','AX-503',true,NULL);
INSERT INTO Widget VALUES('WDG#12','Terminal','Ginda02xNET_SAT','Bar246e18','BY-793',false,NULL);
INSERT INTO Widget VALUES('WDG#13','Terminal','Trerth01wNET_CIV','Ear019k19','AX-631',false,NULL);
INSERT INTO Widget VALUES('WDG#14','Terminal','Zebetis02xNET_SAT','Cah99q3','BY-632',false,NULL);
INSERT INTO Widget VALUES('WDG#15','Terminal','Povebos04zNET_CIV','Bar99q17','BY-538',true,NULL);
INSERT INTO Widget VALUES('WDG#16','Device','Zebetis04zNET_CIV','Cax987w14','BY-1445',true,NULL);
INSERT INTO Widget VALUES('WDG#17','Terminal','Brore06vNET_SURV','Far00113','AX-111',true,NULL);
INSERT INTO Widget VALUES('WDG#18','Terminal','Povebos04zNET_CIV','Aah987w7','CW-1116',false,NULL);
INSERT INTO Widget VALUES('WDG#19','Terminal','Trerth05uNET_DEF','Eap0012','CW-1219',true,NULL);
INSERT INTO Widget VALUES('WDG#20','Terminal','Trerth01wNET_CIV','Aah987w7','CW-419',true,NULL);
INSERT INTO Widget VALUES('WDG#21','Terminal','Zebetis04zNET_CIV','Aah987w7','AX-406',true,NULL);
INSERT INTO Widget VALUES('WDG#22','Terminal','Brore06vNET_SURV','Aar003s11','DV-388',false,NULL);
INSERT INTO Widget VALUES('WDG#23','Pad','Brore06vNET_SURV','Far00113','DV-910',true,NULL);
INSERT INTO Widget VALUES('WDG#24','Device','Trerth05uNET_DEF','Cah99q3','CW-1389',true,NULL);
INSERT INTO Widget VALUES('WDG#25','Pad','Brore01wNET_TRACK','Bar99q17','DV-865',false,NULL);
INSERT INTO Widget VALUES('WDG#26','Terminal','Povebos04zNET_CIV','Eaw99q12','DV-443',false,NULL);
INSERT INTO Widget VALUES('WDG#27','Device','Povebos04zNET_CIV','Cay987w16','CW-343',true,NULL);
INSERT INTO Widget VALUES('WDG#28','Pad','Povebos04zNET_CIV','Cah99q3','CW-365',true,NULL);
INSERT INTO Widget VALUES('WDG#29','Device','Brore03yNET_SAT','Bar99q17','DV-1444',true,NULL);
INSERT INTO Widget VALUES('WDG#30','Terminal','Brore01wNET_TRACK','Cay987w16','CW-876',true,NULL);
INSERT INTO Widget VALUES('WDG#31','Device','Zebetis02xNET_SAT','Ear019k19','CW-1499',true,NULL);
INSERT INTO Widget VALUES('WDG#32','Terminal','Brore01wNET_TRACK','Day0018','DV-512',true,NULL);
INSERT INTO Widget VALUES('WDG#33','Device','Povebos04zNET_CIV','Day0018','BY-166',true,NULL);
INSERT INTO Widget VALUES('WDG#34','Terminal','Brore01wNET_TRACK','Cax987w14','BY-1046',true,NULL);
INSERT INTO Widget VALUES('WDG#35','Pad','Zebetis02xNET_SAT','Day0018','DV-1402',true,NULL);
INSERT INTO Widget VALUES('WDG#36','Pad','Brore03yNET_SAT','Eaw246e5','BY-1413',true,NULL);
INSERT INTO Widget VALUES('WDG#37','Device','Brore03yNET_SAT','Bar99q17','CW-737',true,NULL);
INSERT INTO Widget VALUES('WDG#38','Pad','Ginda02xNET_SAT','Far00113','CW-311',false,NULL);
INSERT INTO Widget VALUES('WDG#39','Device','Brore03yNET_SAT','Daw987w10','DV-1128',true,NULL);
INSERT INTO Widget VALUES('WDG#40','Terminal','Zebetis04zNET_CIV','Eah246e9','BY-524',false,NULL);
INSERT INTO Widget VALUES('WDG#41','Device','Zebetis04zNET_CIV','Fay246e20','DV-831',true,NULL);
INSERT INTO Widget VALUES('WDG#42','Pad','Brore01wNET_TRACK','Eaw99q12','AX-1298',false,NULL);
INSERT INTO Widget VALUES('WDG#43','Pad','Zebetis04zNET_CIV','Day0018','BY-280',false,NULL);
INSERT INTO Widget VALUES('WDG#44','Device','Zebetis05uNET_CIV','Daw987w10','CW-136',false,NULL);
INSERT INTO Widget VALUES('WDG#45','Pad','Zebetis04zNET_CIV','Eap0012','BY-975',false,NULL);
INSERT INTO Widget VALUES('WDG#46','Device','Zebetis05uNET_CIV','Eay0016','DV-409',true,NULL);
INSERT INTO Widget VALUES('WDG#47','Pad','Trerth01wNET_CIV','Aar003s11','CW-224',true,NULL);
INSERT INTO Widget VALUES('WDG#48','Device','Povebos04zNET_CIV','Far00113','BY-638',true,NULL);
INSERT INTO Widget VALUES('WDG#49','Terminal','Zebetis04zNET_CIV','Eap99q15','DV-479',true,NULL);
SELECT 'Thinking about widgets....' AS MSG;
DO SLEEP(2);
INSERT INTO Widget VALUES('WDG#50','Device','Zebetis02xNET_SAT','Eaw99q12','CW-932',true,NULL);
INSERT INTO Widget VALUES('WDG#51','Pad','Brore01wNET_TRACK','Aax00121','DV-1545',true,NULL);
INSERT INTO Widget VALUES('WDG#52','Device','Brore03yNET_SAT','Eaw246e5','BY-1252',false,NULL);
INSERT INTO Widget VALUES('WDG#53','Terminal','Zebetis04zNET_CIV','Eay0016','CW-1216',true,NULL);
INSERT INTO Widget VALUES('WDG#54','Device','Trerth05uNET_DEF','Ear019k19','BY-1209',false,NULL);
INSERT INTO Widget VALUES('WDG#55','Terminal','Povebos04zNET_CIV','Eap0012','CW-956',false,NULL);
INSERT INTO Widget VALUES('WDG#56','Pad','Trerth05uNET_DEF','Aar003s11','DV-883',false,NULL);
INSERT INTO Widget VALUES('WDG#57','Pad','Brore03yNET_SAT','Cax987w14','DV-645',true,NULL);
INSERT INTO Widget VALUES('WDG#58','Terminal','Trerth05uNET_DEF','Cax987w14','BY-226',false,NULL);
INSERT INTO Widget VALUES('WDG#59','Pad','Ginda02xNET_SAT','Cah99q3','CW-311',true,NULL);
INSERT INTO Widget VALUES('WDG#60','Device','Trerth01wNET_CIV','Eap0012','AX-854',false,NULL);
INSERT INTO Widget VALUES('WDG#61','Device','Trerth01wNET_CIV','Far00113','BY-677',false,NULL);
INSERT INTO Widget VALUES('WDG#62','Terminal','Brore06vNET_SURV','Eap246e1','CW-1291',true,NULL);
INSERT INTO Widget VALUES('WDG#63','Terminal','Brore06vNET_SURV','Eay0016','DV-806',true,NULL);
INSERT INTO Widget VALUES('WDG#64','Pad','Brore01wNET_TRACK','Aar003s11','DV-969',false,NULL);
INSERT INTO Widget VALUES('WDG#65','Terminal','Brore06vNET_SURV','Eap246e1','BY-1077',false,NULL);
INSERT INTO Widget VALUES('WDG#66','Device','Zebetis02xNET_SAT','Cah99q3','DV-401',false,NULL);
INSERT INTO Widget VALUES('WDG#67','Terminal','Povebos04zNET_CIV','Aax00121','DV-411',true,NULL);
INSERT INTO Widget VALUES('WDG#68','Pad','Zebetis05uNET_CIV','Eay0016','AX-204',true,NULL);
INSERT INTO Widget VALUES('WDG#69','Terminal','Zebetis02xNET_SAT','Eap246e1','DV-432',false,NULL);
INSERT INTO Widget VALUES('WDG#70','Terminal','Povebos04zNET_CIV','Far00113','BY-757',true,NULL);
INSERT INTO Widget VALUES('WDG#71','Device','Zebetis04zNET_CIV','Bar99q17','AX-1127',true,NULL);
INSERT INTO Widget VALUES('WDG#72','Pad','Zebetis05uNET_CIV','Eaw99q12','AX-686',true,NULL);
INSERT INTO Widget VALUES('WDG#73','Pad','Zebetis02xNET_SAT','Daw987w10','CW-703',false,NULL);
INSERT INTO Widget VALUES('WDG#74','Device','Trerth01wNET_CIV','Eah246e9','DV-407',false,NULL);
INSERT INTO Widget VALUES('WDG#75','Pad','Zebetis04zNET_CIV','Eay0016','AX-1454',false,NULL);
INSERT INTO Widget VALUES('WDG#76','Pad','Ginda02xNET_SAT','Ear019k19','BY-771',false,NULL);
INSERT INTO Widget VALUES('WDG#77','Pad','Ginda02xNET_SAT','Cah99q3','BY-1090',true,NULL);
INSERT INTO Widget VALUES('WDG#78','Device','Zebetis04zNET_CIV','Cax987w14','DV-285',true,NULL);
INSERT INTO Widget VALUES('WDG#79','Device','Brore03yNET_SAT','Aar003s11','AX-488',true,NULL);
INSERT INTO Widget VALUES('WDG#80','Device','Zebetis02xNET_SAT','Eaw99q12','BY-335',true,NULL);
INSERT INTO Widget VALUES('WDG#81','Pad','Ginda02xNET_SAT','Aah987w7','CW-1398',false,NULL);
INSERT INTO Widget VALUES('WDG#82','Device','Brore01wNET_TRACK','Daw987w10','CW-826',false,NULL);
INSERT INTO Widget VALUES('WDG#83','Pad','Brore06vNET_SURV','Aax00121','AX-107',true,NULL);
INSERT INTO Widget VALUES('WDG#84','Pad','Trerth05uNET_DEF','Eaw99q12','DV-553',false,NULL);
INSERT INTO Widget VALUES('WDG#85','Device','Trerth05uNET_DEF','Aar003s11','DV-108',true,NULL);
INSERT INTO Widget VALUES('WDG#86','Pad','Trerth05uNET_DEF','Fay246e20','DV-568',false,NULL);
INSERT INTO Widget VALUES('WDG#87','Terminal','Brore06vNET_SURV','Fay246e20','BY-339',true,NULL);
INSERT INTO Widget VALUES('WDG#88','Device','Ginda02xNET_SAT','Bar246e18','CW-1337',true,NULL);
INSERT INTO Widget VALUES('WDG#89','Pad','Brore01wNET_TRACK','Fay246e20','CW-361',false,NULL);
INSERT INTO Widget VALUES('WDG#90','Device','Povebos04zNET_CIV','Eap246e1','BY-415',false,NULL);
INSERT INTO Widget VALUES('WDG#91','Terminal','Zebetis05uNET_CIV','Cah99q3','BY-219',true,NULL);
INSERT INTO Widget VALUES('WDG#92','Device','Povebos04zNET_CIV','Day0018','DV-971',false,NULL);
INSERT INTO Widget VALUES('WDG#93','Terminal','Brore01wNET_TRACK','Fay246e20','BY-241',true,NULL);
INSERT INTO Widget VALUES('WDG#94','Pad','Trerth05uNET_DEF','Fay246e20','AX-331',false,NULL);
INSERT INTO Widget VALUES('WDG#95','Device','Zebetis02xNET_SAT','Cah99q3','DV-1378',false,NULL);
INSERT INTO Widget VALUES('WDG#96','Device','Zebetis05uNET_CIV','Eay0014','DV-1499',true,NULL);
INSERT INTO Widget VALUES('WDG#97','Device','Trerth05uNET_DEF','Eap99q15','BY-988',false,NULL);
INSERT INTO Widget VALUES('WDG#98','Pad','Ginda02xNET_SAT','Eay0016','DV-1147',false,NULL);
INSERT INTO Widget VALUES('WDG#99','Pad','Povebos04zNET_CIV','Bar246e18','AX-392',false,NULL);
SELECT 'Thinking about widgets....' AS MSG;
DO SLEEP(2);
INSERT INTO Widget VALUES('WDG#100','Pad','Brore06vNET_SURV','Bar246e18','DV-423',true,NULL);
INSERT INTO Widget VALUES('WDG#101','Device','Brore06vNET_SURV','Cay987w16','BY-114',true,NULL);
INSERT INTO Widget VALUES('WDG#102','Device','Zebetis02xNET_SAT','Eap0012','BY-1021',false,NULL);
INSERT INTO Widget VALUES('WDG#103','Terminal','Ginda02xNET_SAT','Cax987w14','CW-622',false,NULL);
INSERT INTO Widget VALUES('WDG#104','Terminal','Trerth01wNET_CIV','Eap99q15','AX-993',true,NULL);
INSERT INTO Widget VALUES('WDG#105','Device','Zebetis04zNET_CIV','Aah987w7','BY-1263',false,NULL);
INSERT INTO Widget VALUES('WDG#106','Terminal','Zebetis04zNET_CIV','Fay246e20','AX-467',true,NULL);
INSERT INTO Widget VALUES('WDG#107','Device','Trerth05uNET_DEF','Aah987w7','DV-1290',true,NULL);
INSERT INTO Widget VALUES('WDG#108','Terminal','Brore01wNET_TRACK','Aar003s11','BY-1226',false,NULL);
INSERT INTO Widget VALUES('WDG#109','Device','Ginda02xNET_SAT','Eap99q15','AX-1328',false,NULL);
INSERT INTO Widget VALUES('WDG#110','Device','Trerth05uNET_DEF','Aah987w7','AX-482',false,NULL);
INSERT INTO Widget VALUES('WDG#111','Terminal','Zebetis04zNET_CIV','Cay987w16','DV-1201',false,NULL);
INSERT INTO Widget VALUES('WDG#112','Pad','Ginda02xNET_SAT','Cah99q3','CW-504',false,NULL);
INSERT INTO Widget VALUES('WDG#113','Device','Trerth05uNET_DEF','Eah246e9','AX-628',false,NULL);
INSERT INTO Widget VALUES('WDG#114','Pad','Povebos04zNET_CIV','Eaw246e5','CW-1343',false,NULL);
INSERT INTO Widget VALUES('WDG#115','Device','Zebetis05uNET_CIV','Aar003s11','CW-283',true,NULL);
INSERT INTO Widget VALUES('WDG#116','Pad','Ginda02xNET_SAT','Eaw99q12','BY-1522',true,NULL);
INSERT INTO Widget VALUES('WDG#117','Device','Povebos04zNET_CIV','Cay987w16','DV-572',false,NULL);
INSERT INTO Widget VALUES('WDG#118','Device','Brore03yNET_SAT','Bar246e18','CW-1393',true,NULL);
INSERT INTO Widget VALUES('WDG#119','Terminal','Zebetis02xNET_SAT','Aah987w7','BY-531',true,NULL);
INSERT INTO Widget VALUES('WDG#120','Pad','Trerth01wNET_CIV','Aax00121','AX-1360',true,NULL);
INSERT INTO Widget VALUES('WDG#121','Terminal','Brore03yNET_SAT','Eap246e1','DV-1036',false,NULL);
INSERT INTO Widget VALUES('WDG#122','Device','Zebetis05uNET_CIV','Aar003s11','AX-722',false,NULL);
INSERT INTO Widget VALUES('WDG#123','Pad','Zebetis02xNET_SAT','Aar003s11','CW-1269',true,NULL);
INSERT INTO Widget VALUES('WDG#124','Pad','Trerth01wNET_CIV','Eay0016','DV-572',true,NULL);
INSERT INTO Widget VALUES('WDG#125','Terminal','Zebetis05uNET_CIV','Bar246e18','BY-1513',false,NULL);
INSERT INTO Widget VALUES('WDG#126','Terminal','Trerth01wNET_CIV','Cah99q3','DV-654',false,NULL);
INSERT INTO Widget VALUES('WDG#127','Terminal','Zebetis04zNET_CIV','Eap99q15','DV-768',true,NULL);
INSERT INTO Widget VALUES('WDG#128','Pad','Trerth01wNET_CIV','Aax00121','CW-452',false,NULL);
INSERT INTO Widget VALUES('WDG#129','Device','Trerth05uNET_DEF','Eaw246e5','AX-681',false,NULL);
INSERT INTO Widget VALUES('WDG#130','Terminal','Brore01wNET_TRACK','Eay0014','BY-290',false,NULL);
INSERT INTO Widget VALUES('WDG#131','Pad','Zebetis04zNET_CIV','Daw987w10','DV-258',true,NULL);
INSERT INTO Widget VALUES('WDG#132','Terminal','Zebetis04zNET_CIV','Bar246e18','DV-630',false,NULL);
INSERT INTO Widget VALUES('WDG#133','Device','Brore01wNET_TRACK','Aax00121','CW-183',true,NULL);
INSERT INTO Widget VALUES('WDG#134','Device','Ginda02xNET_SAT','Fay246e20','CW-1311',false,NULL);
INSERT INTO Widget VALUES('WDG#135','Pad','Zebetis04zNET_CIV','Fay246e20','AX-1135',true,NULL);
INSERT INTO Widget VALUES('WDG#136','Pad','Zebetis02xNET_SAT','Eap0012','DV-227',true,NULL);
INSERT INTO Widget VALUES('WDG#137','Terminal','Zebetis04zNET_CIV','Eap246e1','AX-1357',true,NULL);
INSERT INTO Widget VALUES('WDG#138','Terminal','Zebetis04zNET_CIV','Cah99q3','BY-757',true,NULL);
INSERT INTO Widget VALUES('WDG#139','Device','Brore03yNET_SAT','Cay987w16','CW-1146',true,NULL);
INSERT INTO Widget VALUES('WDG#140','Pad','Brore01wNET_TRACK','Fay246e20','BY-1389',false,NULL);
INSERT INTO Widget VALUES('WDG#141','Terminal','Zebetis04zNET_CIV','Cah99q3','BY-1401',false,NULL);
INSERT INTO Widget VALUES('WDG#142','Device','Brore06vNET_SURV','Bar99q17','BY-138',false,NULL);
INSERT INTO Widget VALUES('WDG#143','Device','Povebos04zNET_CIV','Cah99q3','DV-427',false,NULL);
INSERT INTO Widget VALUES('WDG#144','Device','Brore06vNET_SURV','Fay246e20','BY-298',true,NULL);
INSERT INTO Widget VALUES('WDG#145','Terminal','Brore03yNET_SAT','Bar99q17','CW-1065',false,NULL);
INSERT INTO Widget VALUES('WDG#146','Terminal','Trerth05uNET_DEF','Day0018','DV-145',true,NULL);
INSERT INTO Widget VALUES('WDG#147','Terminal','Brore03yNET_SAT','Far00113','AX-1432',true,NULL);
INSERT INTO Widget VALUES('WDG#148','Terminal','Brore06vNET_SURV','Far00113','CW-447',false,NULL);
INSERT INTO Widget VALUES('WDG#149','Terminal','Trerth05uNET_DEF','Ear019k19','BY-447',false,NULL);
SELECT 'Thinking about widgets....' AS MSG;
DO SLEEP(2);
INSERT INTO Widget VALUES('WDG#150','Pad','Zebetis05uNET_CIV','Aah987w7','DV-1508',true,NULL);
INSERT INTO Widget VALUES('WDG#151','Device','Brore03yNET_SAT','Eah246e9','BY-1501',false,NULL);
INSERT INTO Widget VALUES('WDG#152','Pad','Brore06vNET_SURV','Eap246e1','CW-870',false,NULL);
INSERT INTO Widget VALUES('WDG#153','Terminal','Trerth05uNET_DEF','Day0018','CW-1198',true,NULL);
INSERT INTO Widget VALUES('WDG#154','Device','Zebetis05uNET_CIV','Cax987w14','BY-1371',false,NULL);
INSERT INTO Widget VALUES('WDG#155','Terminal','Brore01wNET_TRACK','Far00113','CW-1412',true,NULL);
INSERT INTO Widget VALUES('WDG#156','Terminal','Brore01wNET_TRACK','Ear019k19','DV-1241',true,NULL);
INSERT INTO Widget VALUES('WDG#157','Pad','Brore01wNET_TRACK','Cah99q3','CW-379',true,NULL);
INSERT INTO Widget VALUES('WDG#158','Terminal','Zebetis02xNET_SAT','Far00113','BY-130',false,NULL);
INSERT INTO Widget VALUES('WDG#159','Device','Zebetis05uNET_CIV','Eay0016','CW-1406',true,NULL);
INSERT INTO Widget VALUES('WDG#160','Pad','Brore01wNET_TRACK','Aah987w7','AX-245',true,NULL);
INSERT INTO Widget VALUES('WDG#161','Device','Zebetis04zNET_CIV','Eah246e9','AX-670',false,NULL);
INSERT INTO Widget VALUES('WDG#162','Pad','Trerth01wNET_CIV','Eaw246e5','AX-408',true,NULL);
INSERT INTO Widget VALUES('WDG#163','Pad','Ginda02xNET_SAT','Cax987w14','AX-441',true,NULL);
INSERT INTO Widget VALUES('WDG#164','Device','Zebetis05uNET_CIV','Eap246e1','BY-1065',false,NULL);
INSERT INTO Widget VALUES('WDG#165','Pad','Ginda02xNET_SAT','Bar99q17','BY-703',true,NULL);
INSERT INTO Widget VALUES('WDG#166','Device','Trerth05uNET_DEF','Ear019k19','BY-939',false,NULL);
INSERT INTO Widget VALUES('WDG#167','Device','Zebetis02xNET_SAT','Cay987w16','BY-1529',true,NULL);
INSERT INTO Widget VALUES('WDG#168','Pad','Brore06vNET_SURV','Eap0012','DV-1397',false,NULL);
INSERT INTO Widget VALUES('WDG#169','Device','Zebetis02xNET_SAT','Eah246e9','DV-379',false,NULL);
INSERT INTO Widget VALUES('WDG#170','Pad','Povebos04zNET_CIV','Fay246e20','AX-1406',false,NULL);
INSERT INTO Widget VALUES('WDG#171','Terminal','Brore03yNET_SAT','Cay987w16','DV-128',true,NULL);
INSERT INTO Widget VALUES('WDG#172','Terminal','Povebos04zNET_CIV','Eay0014','DV-684',true,NULL);
INSERT INTO Widget VALUES('WDG#173','Device','Zebetis05uNET_CIV','Aar003s11','AX-733',false,NULL);
INSERT INTO Widget VALUES('WDG#174','Pad','Zebetis04zNET_CIV','Fay246e20','DV-451',false,NULL);
INSERT INTO Widget VALUES('WDG#175','Device','Povebos04zNET_CIV','Cax987w14','DV-1062',false,NULL);
INSERT INTO Widget VALUES('WDG#176','Pad','Zebetis05uNET_CIV','Eap246e1','BY-451',true,NULL);
INSERT INTO Widget VALUES('WDG#177','Terminal','Brore01wNET_TRACK','Far00113','BY-165',true,NULL);
INSERT INTO Widget VALUES('WDG#178','Pad','Zebetis02xNET_SAT','Eah246e9','AX-482',true,NULL);
INSERT INTO Widget VALUES('WDG#179','Terminal','Povebos04zNET_CIV','Eay0014','BY-1010',false,NULL);
INSERT INTO Widget VALUES('WDG#180','Device','Brore03yNET_SAT','Eap246e1','BY-1072',false,NULL);
INSERT INTO Widget VALUES('WDG#181','Device','Brore06vNET_SURV','Eaw99q12','DV-613',false,NULL);
INSERT INTO Widget VALUES('WDG#182','Pad','Ginda02xNET_SAT','Aax00121','BY-1073',false,NULL);
INSERT INTO Widget VALUES('WDG#183','Pad','Trerth05uNET_DEF','Eah246e9','AX-1487',false,NULL);
INSERT INTO Widget VALUES('WDG#184','Pad','Trerth01wNET_CIV','Cay987w16','AX-253',false,NULL);
INSERT INTO Widget VALUES('WDG#185','Terminal','Zebetis05uNET_CIV','Cah99q3','DV-719',false,NULL);
INSERT INTO Widget VALUES('WDG#186','Pad','Zebetis04zNET_CIV','Fay246e20','DV-394',true,NULL);
INSERT INTO Widget VALUES('WDG#187','Device','Zebetis05uNET_CIV','Eaw246e5','DV-1305',false,NULL);
INSERT INTO Widget VALUES('WDG#188','Terminal','Trerth01wNET_CIV','Eay0016','DV-1187',true,NULL);
INSERT INTO Widget VALUES('WDG#189','Device','Brore03yNET_SAT','Far00113','DV-153',false,NULL);
INSERT INTO Widget VALUES('WDG#190','Pad','Brore06vNET_SURV','Eay0014','BY-1225',false,NULL);
INSERT INTO Widget VALUES('WDG#191','Terminal','Trerth05uNET_DEF','Far00113','CW-430',false,NULL);
INSERT INTO Widget VALUES('WDG#192','Terminal','Brore03yNET_SAT','Bar99q17','BY-1247',true,NULL);
INSERT INTO Widget VALUES('WDG#193','Device','Brore03yNET_SAT','Day0018','DV-1466',true,NULL);
INSERT INTO Widget VALUES('WDG#194','Terminal','Brore03yNET_SAT','Eap0012','CW-1292',false,NULL);
INSERT INTO Widget VALUES('WDG#195','Terminal','Trerth05uNET_DEF','Eap0012','CW-1214',false,NULL);
INSERT INTO Widget VALUES('WDG#196','Device','Zebetis05uNET_CIV','Day0018','AX-609',false,NULL);
INSERT INTO Widget VALUES('WDG#197','Device','Ginda02xNET_SAT','Eah246e9','AX-219',true,NULL);
INSERT INTO Widget VALUES('WDG#198','Device','Zebetis05uNET_CIV','Aah987w7','DV-897',true,NULL);
INSERT INTO Widget VALUES('WDG#199','Pad','Brore01wNET_TRACK','Daw987w10','CW-1179',true,NULL);
SELECT 'Thinking about widgets....' AS MSG;
DO SLEEP(2);
INSERT INTO Widget VALUES('WDG#200','Terminal','Ginda02xNET_SAT','Eah246e9','AX-1096',false,NULL);
INSERT INTO Widget VALUES('WDG#201','Device','Trerth01wNET_CIV','Eap99q15','CW-1351',true,NULL);
INSERT INTO Widget VALUES('WDG#202','Device','Zebetis05uNET_CIV','Eaw99q12','AX-1340',false,NULL);
INSERT INTO Widget VALUES('WDG#203','Terminal','Brore03yNET_SAT','Bar99q17','AX-539',true,NULL);
INSERT INTO Widget VALUES('WDG#204','Device','Brore01wNET_TRACK','Eaw99q12','BY-648',true,NULL);
INSERT INTO Widget VALUES('WDG#205','Terminal','Trerth05uNET_DEF','Aah987w7','AX-940',false,NULL);
INSERT INTO Widget VALUES('WDG#206','Device','Zebetis02xNET_SAT','Eaw246e5','BY-1103',true,NULL);
INSERT INTO Widget VALUES('WDG#207','Device','Zebetis04zNET_CIV','Eaw246e5','CW-1186',true,NULL);
INSERT INTO Widget VALUES('WDG#208','Pad','Zebetis05uNET_CIV','Aar003s11','AX-1301',false,NULL);
INSERT INTO Widget VALUES('WDG#209','Device','Trerth05uNET_DEF','Aah987w7','BY-473',true,NULL);
INSERT INTO Widget VALUES('WDG#210','Terminal','Povebos04zNET_CIV','Eah246e9','DV-881',false,NULL);
INSERT INTO Widget VALUES('WDG#211','Device','Trerth05uNET_DEF','Aax00121','DV-1209',false,NULL);
INSERT INTO Widget VALUES('WDG#212','Pad','Brore01wNET_TRACK','Bar246e18','DV-182',true,NULL);
INSERT INTO Widget VALUES('WDG#213','Terminal','Brore06vNET_SURV','Eah246e9','BY-478',false,NULL);
INSERT INTO Widget VALUES('WDG#214','Pad','Zebetis02xNET_SAT','Eah246e9','CW-808',false,NULL);
INSERT INTO Widget VALUES('WDG#215','Terminal','Zebetis05uNET_CIV','Eap99q15','BY-1258',false,NULL);
INSERT INTO Widget VALUES('WDG#216','Terminal','Ginda02xNET_SAT','Aar003s11','DV-1379',true,NULL);
INSERT INTO Widget VALUES('WDG#217','Pad','Trerth01wNET_CIV','Aax00121','BY-239',false,NULL);
INSERT INTO Widget VALUES('WDG#218','Terminal','Zebetis05uNET_CIV','Eaw99q12','DV-1535',false,NULL);
INSERT INTO Widget VALUES('WDG#219','Terminal','Povebos04zNET_CIV','Eay0016','DV-146',true,NULL);
INSERT INTO Widget VALUES('WDG#220','Device','Trerth05uNET_DEF','Cah99q3','DV-1128',true,NULL);
INSERT INTO Widget VALUES('WDG#221','Device','Trerth05uNET_DEF','Bar246e18','DV-1522',true,NULL);
INSERT INTO Widget VALUES('WDG#222','Pad','Zebetis05uNET_CIV','Aar003s11','DV-834',false,NULL);
INSERT INTO Widget VALUES('WDG#223','Pad','Brore06vNET_SURV','Aar003s11','BY-990',true,NULL);
INSERT INTO Widget VALUES('WDG#224','Device','Zebetis02xNET_SAT','Ear019k19','AX-417',true,NULL);
INSERT INTO Widget VALUES('WDG#225','Device','Zebetis04zNET_CIV','Cah99q3','AX-765',true,NULL);
INSERT INTO Widget VALUES('WDG#226','Device','Povebos04zNET_CIV','Eap0012','AX-797',false,NULL);
INSERT INTO Widget VALUES('WDG#227','Device','Povebos04zNET_CIV','Eap246e1','AX-735',false,NULL);
INSERT INTO Widget VALUES('WDG#228','Pad','Povebos04zNET_CIV','Bar99q17','AX-876',true,NULL);
INSERT INTO Widget VALUES('WDG#229','Pad','Trerth01wNET_CIV','Cah99q3','BY-506',false,NULL);
INSERT INTO Widget VALUES('WDG#230','Pad','Zebetis04zNET_CIV','Aax00121','AX-898',true,NULL);
INSERT INTO Widget VALUES('WDG#231','Terminal','Ginda02xNET_SAT','Daw987w10','DV-1512',false,NULL);
INSERT INTO Widget VALUES('WDG#232','Terminal','Trerth05uNET_DEF','Fay246e20','CW-219',false,NULL);
INSERT INTO Widget VALUES('WDG#233','Terminal','Trerth01wNET_CIV','Eah246e9','BY-691',true,NULL);
INSERT INTO Widget VALUES('WDG#234','Terminal','Zebetis05uNET_CIV','Day0018','CW-432',false,NULL);
INSERT INTO Widget VALUES('WDG#235','Terminal','Zebetis05uNET_CIV','Bar246e18','CW-395',true,NULL);
INSERT INTO Widget VALUES('WDG#236','Terminal','Brore01wNET_TRACK','Far00113','DV-255',false,NULL);
INSERT INTO Widget VALUES('WDG#237','Terminal','Povebos04zNET_CIV','Eay0014','AX-1495',true,NULL);
INSERT INTO Widget VALUES('WDG#238','Terminal','Zebetis02xNET_SAT','Eap99q15','BY-1325',false,NULL);
INSERT INTO Widget VALUES('WDG#239','Device','Trerth01wNET_CIV','Eay0014','AX-895',false,NULL);
INSERT INTO Widget VALUES('WDG#240','Pad','Brore01wNET_TRACK','Aax00121','BY-495',true,NULL);
INSERT INTO Widget VALUES('WDG#241','Terminal','Zebetis02xNET_SAT','Ear019k19','AX-1075',true,NULL);
INSERT INTO Widget VALUES('WDG#242','Device','Brore01wNET_TRACK','Daw987w10','BY-1198',true,NULL);
INSERT INTO Widget VALUES('WDG#243','Terminal','Brore03yNET_SAT','Aar003s11','BY-1245',true,NULL);
INSERT INTO Widget VALUES('WDG#244','Pad','Zebetis04zNET_CIV','Eay0014','DV-1135',true,NULL);
INSERT INTO Widget VALUES('WDG#245','Device','Povebos04zNET_CIV','Aax00121','CW-650',true,NULL);
INSERT INTO Widget VALUES('WDG#246','Device','Povebos04zNET_CIV','Aar003s11','AX-762',false,NULL);
INSERT INTO Widget VALUES('WDG#247','Terminal','Zebetis02xNET_SAT','Eaw99q12','BY-1551',false,NULL);
INSERT INTO Widget VALUES('WDG#248','Terminal','Ginda02xNET_SAT','Cah99q3','DV-1002',false,NULL);
INSERT INTO Widget VALUES('WDG#249','Terminal','Trerth05uNET_DEF','Eap0012','DV-575',false,NULL);
SELECT 'Thinking about widgets....' AS MSG;
DO SLEEP(2);
INSERT INTO Widget VALUES('WDG#250','Pad','Trerth01wNET_CIV','Cah99q3','AX-907',true,NULL);
INSERT INTO Widget VALUES('WDG#251','Pad','Zebetis05uNET_CIV','Cah99q3','DV-497',false,NULL);
INSERT INTO Widget VALUES('WDG#252','Terminal','Zebetis05uNET_CIV','Eaw99q12','CW-842',false,NULL);
INSERT INTO Widget VALUES('WDG#253','Device','Brore01wNET_TRACK','Bar246e18','CW-1398',true,NULL);
INSERT INTO Widget VALUES('WDG#254','Device','Povebos04zNET_CIV','Far00113','BY-365',false,NULL);
INSERT INTO Widget VALUES('WDG#255','Terminal','Brore03yNET_SAT','Bar99q17','DV-1072',true,NULL);
INSERT INTO Widget VALUES('WDG#256','Device','Brore03yNET_SAT','Daw987w10','CW-1275',true,NULL);
INSERT INTO Widget VALUES('WDG#257','Pad','Zebetis05uNET_CIV','Cah99q3','DV-935',true,NULL);
INSERT INTO Widget VALUES('WDG#258','Terminal','Ginda02xNET_SAT','Cay987w16','DV-1294',true,NULL);
INSERT INTO Widget VALUES('WDG#259','Terminal','Zebetis05uNET_CIV','Day0018','CW-718',false,NULL);
INSERT INTO Widget VALUES('WDG#260','Device','Zebetis04zNET_CIV','Eah246e9','AX-204',false,NULL);
INSERT INTO Widget VALUES('WDG#261','Terminal','Zebetis02xNET_SAT','Bar246e18','AX-523',true,NULL);
INSERT INTO Widget VALUES('WDG#262','Pad','Zebetis04zNET_CIV','Daw987w10','CW-940',false,NULL);
INSERT INTO Widget VALUES('WDG#263','Terminal','Povebos04zNET_CIV','Eay0016','AX-109',true,NULL);
INSERT INTO Widget VALUES('WDG#264','Terminal','Zebetis04zNET_CIV','Bar99q17','BY-414',true,NULL);
INSERT INTO Widget VALUES('WDG#265','Device','Brore01wNET_TRACK','Eah246e9','AX-222',false,NULL);
INSERT INTO Widget VALUES('WDG#266','Pad','Trerth05uNET_DEF','Eah246e9','DV-939',false,NULL);
INSERT INTO Widget VALUES('WDG#267','Device','Brore01wNET_TRACK','Bar246e18','BY-1344',true,NULL);
INSERT INTO Widget VALUES('WDG#268','Pad','Zebetis04zNET_CIV','Bar99q17','CW-1475',true,NULL);
INSERT INTO Widget VALUES('WDG#269','Device','Zebetis04zNET_CIV','Eah246e9','DV-556',false,NULL);
INSERT INTO Widget VALUES('WDG#270','Pad','Zebetis02xNET_SAT','Ear019k19','BY-1181',false,NULL);
INSERT INTO Widget VALUES('WDG#271','Pad','Povebos04zNET_CIV','Ear019k19','AX-1198',true,NULL);
INSERT INTO Widget VALUES('WDG#272','Device','Brore01wNET_TRACK','Eap99q15','DV-1137',true,NULL);
INSERT INTO Widget VALUES('WDG#273','Device','Brore03yNET_SAT','Eaw99q12','AX-1301',false,NULL);
INSERT INTO Widget VALUES('WDG#274','Pad','Brore01wNET_TRACK','Aax00121','CW-1369',false,NULL);
INSERT INTO Widget VALUES('WDG#275','Pad','Brore03yNET_SAT','Far00113','AX-1023',true,NULL);
INSERT INTO Widget VALUES('WDG#276','Device','Povebos04zNET_CIV','Fay246e20','CW-1357',true,NULL);
INSERT INTO Widget VALUES('WDG#277','Terminal','Ginda02xNET_SAT','Day0018','BY-1274',false,NULL);
INSERT INTO Widget VALUES('WDG#278','Device','Zebetis04zNET_CIV','Eaw99q12','BY-997',true,NULL);
INSERT INTO Widget VALUES('WDG#279','Pad','Trerth05uNET_DEF','Aah987w7','AX-1053',false,NULL);
INSERT INTO Widget VALUES('WDG#280','Terminal','Zebetis02xNET_SAT','Ear019k19','BY-321',false,NULL);
INSERT INTO Widget VALUES('WDG#281','Pad','Trerth05uNET_DEF','Cax987w14','CW-877',false,NULL);
INSERT INTO Widget VALUES('WDG#282','Terminal','Trerth01wNET_CIV','Far00113','BY-781',false,NULL);
INSERT INTO Widget VALUES('WDG#283','Device','Zebetis05uNET_CIV','Daw987w10','CW-324',true,NULL);
INSERT INTO Widget VALUES('WDG#284','Terminal','Ginda02xNET_SAT','Fay246e20','BY-615',true,NULL);
INSERT INTO Widget VALUES('WDG#285','Device','Brore06vNET_SURV','Bar99q17','AX-1429',true,NULL);
INSERT INTO Widget VALUES('WDG#286','Pad','Zebetis05uNET_CIV','Eap246e1','CW-394',true,NULL);
INSERT INTO Widget VALUES('WDG#287','Pad','Brore03yNET_SAT','Far00113','BY-115',false,NULL);
INSERT INTO Widget VALUES('WDG#288','Terminal','Brore01wNET_TRACK','Aax00121','BY-525',false,NULL);
INSERT INTO Widget VALUES('WDG#289','Terminal','Povebos04zNET_CIV','Cay987w16','DV-696',false,NULL);
INSERT INTO Widget VALUES('WDG#290','Device','Zebetis05uNET_CIV','Cay987w16','BY-1020',true,NULL);
INSERT INTO Widget VALUES('WDG#291','Terminal','Trerth05uNET_DEF','Eap246e1','DV-1370',true,NULL);
INSERT INTO Widget VALUES('WDG#292','Pad','Zebetis02xNET_SAT','Day0018','BY-463',false,NULL);
INSERT INTO Widget VALUES('WDG#293','Terminal','Povebos04zNET_CIV','Aah987w7','BY-464',false,NULL);
INSERT INTO Widget VALUES('WDG#294','Device','Zebetis02xNET_SAT','Eaw99q12','CW-689',true,NULL);
INSERT INTO Widget VALUES('WDG#295','Terminal','Brore06vNET_SURV','Eay0014','BY-539',true,NULL);
INSERT INTO Widget VALUES('WDG#296','Terminal','Trerth01wNET_CIV','Day0018','AX-689',false,NULL);
INSERT INTO Widget VALUES('WDG#297','Terminal','Brore03yNET_SAT','Eah246e9','BY-296',false,NULL);
INSERT INTO Widget VALUES('WDG#298','Terminal','Povebos04zNET_CIV','Eap246e1','CW-1356',true,NULL);
INSERT INTO Widget VALUES('WDG#299','Terminal','Zebetis04zNET_CIV','Eay0014','DV-426',true,NULL);
SELECT 'Thinking about widgets....' AS MSG;
DO SLEEP(2);
INSERT INTO Widget VALUES('WDG#300','Terminal','Brore06vNET_SURV','Eap99q15','CW-419',false,NULL);
INSERT INTO Widget VALUES('WDG#301','Pad','Ginda02xNET_SAT','Eap246e1','CW-1149',false,NULL);
INSERT INTO Widget VALUES('WDG#302','Pad','Ginda02xNET_SAT','Eap99q15','DV-1503',false,NULL);
INSERT INTO Widget VALUES('WDG#303','Terminal','Brore06vNET_SURV','Eap0012','AX-717',false,NULL);
INSERT INTO Widget VALUES('WDG#304','Pad','Brore03yNET_SAT','Day0018','CW-955',false,NULL);
INSERT INTO Widget VALUES('WDG#305','Pad','Trerth01wNET_CIV','Eaw99q12','AX-894',false,NULL);
INSERT INTO Widget VALUES('WDG#306','Pad','Trerth01wNET_CIV','Ear019k19','AX-370',true,NULL);
INSERT INTO Widget VALUES('WDG#307','Terminal','Brore03yNET_SAT','Eah246e9','DV-333',false,NULL);
INSERT INTO Widget VALUES('WDG#308','Device','Trerth01wNET_CIV','Cax987w14','DV-1055',false,NULL);
INSERT INTO Widget VALUES('WDG#309','Device','Ginda02xNET_SAT','Far00113','BY-1468',false,NULL);
INSERT INTO Widget VALUES('WDG#310','Terminal','Zebetis05uNET_CIV','Daw987w10','DV-555',false,NULL);
INSERT INTO Widget VALUES('WDG#311','Terminal','Brore06vNET_SURV','Eap246e1','DV-116',true,NULL);
INSERT INTO Widget VALUES('WDG#312','Device','Brore01wNET_TRACK','Bar246e18','CW-280',false,NULL);
INSERT INTO Widget VALUES('WDG#313','Pad','Brore06vNET_SURV','Aax00121','DV-379',true,NULL);
INSERT INTO Widget VALUES('WDG#314','Pad','Zebetis05uNET_CIV','Cax987w14','CW-804',true,NULL);
INSERT INTO Widget VALUES('WDG#315','Device','Povebos04zNET_CIV','Daw987w10','AX-1229',true,NULL);
INSERT INTO Widget VALUES('WDG#316','Device','Trerth01wNET_CIV','Eay0014','CW-641',true,NULL);
INSERT INTO Widget VALUES('WDG#317','Device','Zebetis05uNET_CIV','Day0018','CW-447',false,NULL);
INSERT INTO Widget VALUES('WDG#318','Pad','Ginda02xNET_SAT','Ear019k19','DV-793',true,NULL);
INSERT INTO Widget VALUES('WDG#319','Terminal','Trerth05uNET_DEF','Eap0012','BY-1255',true,NULL);
INSERT INTO Widget VALUES('WDG#320','Device','Brore06vNET_SURV','Daw987w10','DV-1047',true,NULL);
INSERT INTO Widget VALUES('WDG#321','Device','Trerth05uNET_DEF','Cax987w14','AX-321',true,NULL);
INSERT INTO Widget VALUES('WDG#322','Terminal','Ginda02xNET_SAT','Eap246e1','DV-472',true,NULL);
INSERT INTO Widget VALUES('WDG#323','Device','Zebetis02xNET_SAT','Day0018','DV-1427',true,NULL);
INSERT INTO Widget VALUES('WDG#324','Device','Brore06vNET_SURV','Eap0012','BY-1111',true,NULL);
INSERT INTO Widget VALUES('WDG#325','Pad','Zebetis04zNET_CIV','Fay246e20','DV-1464',false,NULL);
INSERT INTO Widget VALUES('WDG#326','Terminal','Zebetis05uNET_CIV','Ear019k19','AX-1488',false,NULL);
INSERT INTO Widget VALUES('WDG#327','Pad','Trerth01wNET_CIV','Eaw246e5','BY-1346',true,NULL);
INSERT INTO Widget VALUES('WDG#328','Pad','Zebetis04zNET_CIV','Cay987w16','CW-692',false,NULL);
INSERT INTO Widget VALUES('WDG#329','Pad','Brore03yNET_SAT','Daw987w10','DV-785',false,NULL);
INSERT INTO Widget VALUES('WDG#330','Pad','Brore01wNET_TRACK','Eap99q15','AX-754',true,NULL);
INSERT INTO Widget VALUES('WDG#331','Pad','Zebetis02xNET_SAT','Eay0016','CW-201',false,NULL);
INSERT INTO Widget VALUES('WDG#332','Pad','Zebetis02xNET_SAT','Fay246e20','DV-1439',true,NULL);
INSERT INTO Widget VALUES('WDG#333','Device','Zebetis05uNET_CIV','Aah987w7','BY-153',false,NULL);
INSERT INTO Widget VALUES('WDG#334','Device','Trerth01wNET_CIV','Eay0016','CW-996',true,NULL);
INSERT INTO Widget VALUES('WDG#335','Pad','Brore06vNET_SURV','Eap246e1','BY-606',false,NULL);
INSERT INTO Widget VALUES('WDG#336','Pad','Ginda02xNET_SAT','Aah987w7','DV-253',true,NULL);
INSERT INTO Widget VALUES('WDG#337','Terminal','Zebetis02xNET_SAT','Daw987w10','AX-302',true,NULL);
INSERT INTO Widget VALUES('WDG#338','Terminal','Trerth01wNET_CIV','Eay0016','BY-857',false,NULL);
INSERT INTO Widget VALUES('WDG#339','Terminal','Zebetis05uNET_CIV','Far00113','CW-1305',false,NULL);
INSERT INTO Widget VALUES('WDG#340','Terminal','Zebetis02xNET_SAT','Cay987w16','BY-149',false,NULL);
INSERT INTO Widget VALUES('WDG#341','Terminal','Zebetis04zNET_CIV','Eaw99q12','CW-210',false,NULL);
INSERT INTO Widget VALUES('WDG#342','Pad','Brore03yNET_SAT','Eah246e9','BY-427',false,NULL);
INSERT INTO Widget VALUES('WDG#343','Device','Zebetis04zNET_CIV','Eap99q15','DV-1204',true,NULL);
INSERT INTO Widget VALUES('WDG#344','Device','Zebetis02xNET_SAT','Eap0012','CW-239',true,NULL);
INSERT INTO Widget VALUES('WDG#345','Terminal','Zebetis05uNET_CIV','Aax00121','AX-168',true,NULL);
INSERT INTO Widget VALUES('WDG#346','Terminal','Ginda02xNET_SAT','Cah99q3','DV-1410',false,NULL);
INSERT INTO Widget VALUES('WDG#347','Device','Trerth05uNET_DEF','Ear019k19','BY-939',true,NULL);
INSERT INTO Widget VALUES('WDG#348','Device','Zebetis05uNET_CIV','Aar003s11','BY-695',false,NULL);
INSERT INTO Widget VALUES('WDG#349','Pad','Brore01wNET_TRACK','Aar003s11','CW-1461',false,NULL);
SELECT 'Thinking about widgets....' AS MSG;
DO SLEEP(2);
INSERT INTO Widget VALUES('WDG#350','Pad','Trerth05uNET_DEF','Eaw246e5','CW-587',false,NULL);
INSERT INTO Widget VALUES('WDG#351','Terminal','Brore03yNET_SAT','Aar003s11','AX-285',true,NULL);
INSERT INTO Widget VALUES('WDG#352','Pad','Brore01wNET_TRACK','Bar246e18','BY-425',true,NULL);
INSERT INTO Widget VALUES('WDG#353','Terminal','Trerth05uNET_DEF','Eaw99q12','CW-224',false,NULL);
INSERT INTO Widget VALUES('WDG#354','Pad','Povebos04zNET_CIV','Eap99q15','BY-466',false,NULL);
INSERT INTO Widget VALUES('WDG#355','Pad','Brore01wNET_TRACK','Daw987w10','BY-1513',true,NULL);
INSERT INTO Widget VALUES('WDG#356','Pad','Trerth01wNET_CIV','Eah246e9','AX-243',false,NULL);
INSERT INTO Widget VALUES('WDG#357','Pad','Brore01wNET_TRACK','Eay0016','CW-1236',true,NULL);
INSERT INTO Widget VALUES('WDG#358','Pad','Zebetis05uNET_CIV','Aah987w7','BY-1433',true,NULL);
INSERT INTO Widget VALUES('WDG#359','Terminal','Brore03yNET_SAT','Cah99q3','CW-1443',false,NULL);
INSERT INTO Widget VALUES('WDG#360','Device','Trerth01wNET_CIV','Eay0016','AX-679',false,NULL);
INSERT INTO Widget VALUES('WDG#361','Device','Brore01wNET_TRACK','Cah99q3','BY-346',false,NULL);
INSERT INTO Widget VALUES('WDG#362','Terminal','Brore03yNET_SAT','Aar003s11','BY-1007',false,NULL);
INSERT INTO Widget VALUES('WDG#363','Pad','Trerth05uNET_DEF','Aah987w7','CW-574',false,NULL);
INSERT INTO Widget VALUES('WDG#364','Pad','Povebos04zNET_CIV','Far00113','DV-807',true,NULL);
INSERT INTO Widget VALUES('WDG#365','Terminal','Trerth05uNET_DEF','Far00113','CW-496',true,NULL);
INSERT INTO Widget VALUES('WDG#366','Pad','Brore01wNET_TRACK','Daw987w10','CW-218',true,NULL);
INSERT INTO Widget VALUES('WDG#367','Terminal','Zebetis04zNET_CIV','Day0018','BY-672',false,NULL);
INSERT INTO Widget VALUES('WDG#368','Pad','Brore06vNET_SURV','Eay0014','DV-263',true,NULL);
INSERT INTO Widget VALUES('WDG#369','Device','Zebetis04zNET_CIV','Far00113','AX-1301',false,NULL);
INSERT INTO Widget VALUES('WDG#370','Terminal','Trerth01wNET_CIV','Cay987w16','BY-655',true,NULL);
INSERT INTO Widget VALUES('WDG#371','Terminal','Zebetis02xNET_SAT','Eay0014','CW-1153',true,NULL);
INSERT INTO Widget VALUES('WDG#372','Pad','Brore03yNET_SAT','Daw987w10','CW-591',false,NULL);
INSERT INTO Widget VALUES('WDG#373','Pad','Brore03yNET_SAT','Eap0012','AX-634',false,NULL);
INSERT INTO Widget VALUES('WDG#374','Pad','Zebetis05uNET_CIV','Eay0014','AX-1173',false,NULL);
INSERT INTO Widget VALUES('WDG#375','Terminal','Trerth01wNET_CIV','Eay0014','AX-1149',false,NULL);
INSERT INTO Widget VALUES('WDG#376','Pad','Zebetis05uNET_CIV','Far00113','CW-999',true,NULL);
INSERT INTO Widget VALUES('WDG#377','Pad','Zebetis05uNET_CIV','Eaw246e5','CW-499',true,NULL);
INSERT INTO Widget VALUES('WDG#378','Pad','Zebetis02xNET_SAT','Eap246e1','DV-1046',true,NULL);
INSERT INTO Widget VALUES('WDG#379','Device','Trerth05uNET_DEF','Eaw99q12','AX-142',true,NULL);
INSERT INTO Widget VALUES('WDG#380','Terminal','Zebetis02xNET_SAT','Cay987w16','AX-489',true,NULL);
INSERT INTO Widget VALUES('WDG#381','Terminal','Ginda02xNET_SAT','Bar246e18','DV-181',false,NULL);
INSERT INTO Widget VALUES('WDG#382','Terminal','Zebetis04zNET_CIV','Bar246e18','DV-798',false,NULL);
INSERT INTO Widget VALUES('WDG#383','Terminal','Trerth05uNET_DEF','Aar003s11','AX-1059',true,NULL);
INSERT INTO Widget VALUES('WDG#384','Terminal','Ginda02xNET_SAT','Day0018','CW-1475',true,NULL);
INSERT INTO Widget VALUES('WDG#385','Terminal','Zebetis02xNET_SAT','Far00113','DV-1223',true,NULL);
INSERT INTO Widget VALUES('WDG#386','Device','Trerth05uNET_DEF','Cay987w16','BY-747',false,NULL);
INSERT INTO Widget VALUES('WDG#387','Terminal','Trerth05uNET_DEF','Daw987w10','CW-381',true,NULL);
INSERT INTO Widget VALUES('WDG#388','Terminal','Brore03yNET_SAT','Eap0012','DV-355',true,NULL);
INSERT INTO Widget VALUES('WDG#389','Terminal','Brore01wNET_TRACK','Day0018','BY-1122',true,NULL);
INSERT INTO Widget VALUES('WDG#390','Terminal','Ginda02xNET_SAT','Aax00121','BY-1052',true,NULL);
INSERT INTO Widget VALUES('WDG#391','Pad','Brore01wNET_TRACK','Bar246e18','CW-1245',true,NULL);
INSERT INTO Widget VALUES('WDG#392','Device','Brore06vNET_SURV','Ear019k19','AX-618',false,NULL);
INSERT INTO Widget VALUES('WDG#393','Terminal','Brore06vNET_SURV','Bar99q17','AX-769',true,NULL);
INSERT INTO Widget VALUES('WDG#394','Pad','Ginda02xNET_SAT','Ear019k19','AX-1251',false,NULL);
INSERT INTO Widget VALUES('WDG#395','Terminal','Brore01wNET_TRACK','Aah987w7','CW-887',false,NULL);
INSERT INTO Widget VALUES('WDG#396','Terminal','Brore01wNET_TRACK','Eap246e1','CW-1003',false,NULL);
INSERT INTO Widget VALUES('WDG#397','Device','Trerth01wNET_CIV','Eap0012','CW-1410',false,NULL);
INSERT INTO Widget VALUES('WDG#398','Terminal','Brore06vNET_SURV','Aah987w7','DV-467',false,NULL);
INSERT INTO Widget VALUES('WDG#399','Terminal','Povebos04zNET_CIV','Aah987w7','CW-627',true,NULL);
SELECT 'Thinking about widgets....' AS MSG;
DO SLEEP(2);
INSERT INTO Widget VALUES('WDG#400','Pad','Zebetis02xNET_SAT','Eap246e1','BY-585',false,NULL);
INSERT INTO Widget VALUES('WDG#401','Terminal','Zebetis05uNET_CIV','Aar003s11','CW-499',false,NULL);
INSERT INTO Widget VALUES('WDG#402','Device','Trerth01wNET_CIV','Cah99q3','DV-1442',true,NULL);
INSERT INTO Widget VALUES('WDG#403','Device','Zebetis04zNET_CIV','Ear019k19','BY-1335',true,NULL);
INSERT INTO Widget VALUES('WDG#404','Terminal','Brore01wNET_TRACK','Aah987w7','DV-317',false,NULL);
INSERT INTO Widget VALUES('WDG#405','Pad','Brore01wNET_TRACK','Eay0014','DV-534',true,NULL);
INSERT INTO Widget VALUES('WDG#406','Terminal','Brore03yNET_SAT','Aah987w7','AX-1033',true,NULL);
INSERT INTO Widget VALUES('WDG#407','Pad','Brore01wNET_TRACK','Eap246e1','CW-271',false,NULL);
INSERT INTO Widget VALUES('WDG#408','Pad','Trerth05uNET_DEF','Daw987w10','DV-750',true,NULL);
INSERT INTO Widget VALUES('WDG#409','Terminal','Brore06vNET_SURV','Aar003s11','BY-798',true,NULL);
INSERT INTO Widget VALUES('WDG#410','Pad','Brore03yNET_SAT','Day0018','AX-464',false,NULL);
INSERT INTO Widget VALUES('WDG#411','Device','Trerth05uNET_DEF','Eap0012','CW-742',true,NULL);
INSERT INTO Widget VALUES('WDG#412','Terminal','Trerth01wNET_CIV','Bar246e18','CW-103',false,NULL);
INSERT INTO Widget VALUES('WDG#413','Terminal','Trerth01wNET_CIV','Eap0012','CW-305',true,NULL);
INSERT INTO Widget VALUES('WDG#414','Pad','Zebetis02xNET_SAT','Eap99q15','DV-1460',false,NULL);
INSERT INTO Widget VALUES('WDG#415','Pad','Brore01wNET_TRACK','Eap99q15','BY-1355',false,NULL);
INSERT INTO Widget VALUES('WDG#416','Terminal','Brore01wNET_TRACK','Eap0012','DV-1526',true,NULL);
INSERT INTO Widget VALUES('WDG#417','Terminal','Trerth05uNET_DEF','Cay987w16','CW-1093',false,NULL);
INSERT INTO Widget VALUES('WDG#418','Terminal','Zebetis02xNET_SAT','Bar99q17','DV-130',true,NULL);
INSERT INTO Widget VALUES('WDG#419','Device','Brore03yNET_SAT','Eap0012','CW-477',false,NULL);
INSERT INTO Widget VALUES('WDG#420','Pad','Trerth05uNET_DEF','Aar003s11','CW-1544',false,NULL);
INSERT INTO Widget VALUES('WDG#421','Device','Brore03yNET_SAT','Eaw246e5','AX-1539',true,NULL);
INSERT INTO Widget VALUES('WDG#422','Terminal','Trerth01wNET_CIV','Ear019k19','DV-921',false,NULL);
INSERT INTO Widget VALUES('WDG#423','Terminal','Zebetis04zNET_CIV','Aax00121','BY-671',true,NULL);
INSERT INTO Widget VALUES('WDG#424','Terminal','Povebos04zNET_CIV','Eap0012','AX-910',false,NULL);
INSERT INTO Widget VALUES('WDG#425','Pad','Trerth01wNET_CIV','Day0018','AX-1176',true,NULL);
INSERT INTO Widget VALUES('WDG#426','Pad','Zebetis04zNET_CIV','Eah246e9','AX-604',true,NULL);
INSERT INTO Widget VALUES('WDG#427','Terminal','Brore06vNET_SURV','Eap0012','DV-1238',true,NULL);
INSERT INTO Widget VALUES('WDG#428','Device','Zebetis05uNET_CIV','Fay246e20','CW-411',true,NULL);
INSERT INTO Widget VALUES('WDG#429','Terminal','Ginda02xNET_SAT','Aar003s11','BY-367',true,NULL);
INSERT INTO Widget VALUES('WDG#430','Pad','Trerth01wNET_CIV','Eay0014','AX-286',false,NULL);
INSERT INTO Widget VALUES('WDG#431','Device','Zebetis04zNET_CIV','Bar246e18','AX-391',false,NULL);
INSERT INTO Widget VALUES('WDG#432','Terminal','Brore06vNET_SURV','Eay0016','BY-1332',false,NULL);
INSERT INTO Widget VALUES('WDG#433','Terminal','Povebos04zNET_CIV','Day0018','CW-344',false,NULL);
INSERT INTO Widget VALUES('WDG#434','Device','Brore06vNET_SURV','Eap0012','AX-948',false,NULL);
INSERT INTO Widget VALUES('WDG#435','Pad','Povebos04zNET_CIV','Day0018','DV-618',true,NULL);
INSERT INTO Widget VALUES('WDG#436','Device','Brore06vNET_SURV','Bar246e18','AX-767',false,NULL);
INSERT INTO Widget VALUES('WDG#437','Terminal','Brore01wNET_TRACK','Aah987w7','BY-661',true,NULL);
INSERT INTO Widget VALUES('WDG#438','Pad','Brore06vNET_SURV','Bar246e18','CW-503',false,NULL);
INSERT INTO Widget VALUES('WDG#439','Terminal','Brore01wNET_TRACK','Aar003s11','AX-650',true,NULL);
INSERT INTO Widget VALUES('WDG#440','Device','Zebetis02xNET_SAT','Eah246e9','DV-182',true,NULL);
INSERT INTO Widget VALUES('WDG#441','Pad','Ginda02xNET_SAT','Eap0012','CW-1144',true,NULL);
INSERT INTO Widget VALUES('WDG#442','Terminal','Zebetis02xNET_SAT','Daw987w10','CW-1041',true,NULL);
INSERT INTO Widget VALUES('WDG#443','Terminal','Zebetis02xNET_SAT','Eap0012','DV-1235',true,NULL);
INSERT INTO Widget VALUES('WDG#444','Pad','Brore06vNET_SURV','Day0018','AX-1346',true,NULL);
INSERT INTO Widget VALUES('WDG#445','Pad','Brore06vNET_SURV','Eap0012','BY-648',false,NULL);
INSERT INTO Widget VALUES('WDG#446','Pad','Ginda02xNET_SAT','Aah987w7','CW-1356',false,NULL);
INSERT INTO Widget VALUES('WDG#447','Pad','Trerth05uNET_DEF','Cax987w14','DV-1315',false,NULL);
INSERT INTO Widget VALUES('WDG#448','Pad','Brore01wNET_TRACK','Cah99q3','AX-608',true,NULL);
INSERT INTO Widget VALUES('WDG#449','Pad','Zebetis04zNET_CIV','Far00113','AX-538',false,NULL);
SELECT 'Thinking about widgets....' AS MSG;
DO SLEEP(2);
INSERT INTO Widget VALUES('WDG#450','Pad','Brore03yNET_SAT','Ear019k19','CW-1254',true,NULL);
INSERT INTO Widget VALUES('WDG#451','Pad','Zebetis05uNET_CIV','Ear019k19','CW-267',false,NULL);
INSERT INTO Widget VALUES('WDG#452','Pad','Povebos04zNET_CIV','Far00113','CW-1200',true,NULL);
INSERT INTO Widget VALUES('WDG#453','Device','Trerth05uNET_DEF','Eay0014','AX-104',true,NULL);
INSERT INTO Widget VALUES('WDG#454','Device','Brore06vNET_SURV','Fay246e20','BY-560',true,NULL);
INSERT INTO Widget VALUES('WDG#455','Terminal','Trerth01wNET_CIV','Eay0014','BY-1035',true,NULL);
INSERT INTO Widget VALUES('WDG#456','Device','Ginda02xNET_SAT','Eay0016','AX-1425',true,NULL);
INSERT INTO Widget VALUES('WDG#457','Terminal','Brore06vNET_SURV','Eaw99q12','DV-1485',false,NULL);
INSERT INTO Widget VALUES('WDG#458','Pad','Povebos04zNET_CIV','Cah99q3','CW-107',true,NULL);
INSERT INTO Widget VALUES('WDG#459','Pad','Zebetis05uNET_CIV','Eap0012','AX-266',false,NULL);
INSERT INTO Widget VALUES('WDG#460','Pad','Trerth05uNET_DEF','Cax987w14','BY-135',false,NULL);
INSERT INTO Widget VALUES('WDG#461','Pad','Povebos04zNET_CIV','Aar003s11','DV-1383',false,NULL);
INSERT INTO Widget VALUES('WDG#462','Pad','Zebetis04zNET_CIV','Aah987w7','DV-362',false,NULL);
INSERT INTO Widget VALUES('WDG#463','Device','Ginda02xNET_SAT','Day0018','BY-764',true,NULL);
INSERT INTO Widget VALUES('WDG#464','Pad','Zebetis04zNET_CIV','Eah246e9','AX-199',true,NULL);
INSERT INTO Widget VALUES('WDG#465','Pad','Zebetis04zNET_CIV','Aar003s11','DV-1493',true,NULL);
INSERT INTO Widget VALUES('WDG#466','Device','Trerth05uNET_DEF','Eah246e9','BY-1316',false,NULL);
INSERT INTO Widget VALUES('WDG#467','Pad','Zebetis04zNET_CIV','Ear019k19','DV-186',false,NULL);
INSERT INTO Widget VALUES('WDG#468','Terminal','Brore01wNET_TRACK','Eay0016','AX-1206',true,NULL);
INSERT INTO Widget VALUES('WDG#469','Device','Brore03yNET_SAT','Eap0012','DV-1543',false,NULL);
INSERT INTO Widget VALUES('WDG#470','Pad','Zebetis02xNET_SAT','Aar003s11','DV-384',false,NULL);
INSERT INTO Widget VALUES('WDG#471','Device','Brore03yNET_SAT','Far00113','CW-623',true,NULL);
INSERT INTO Widget VALUES('WDG#472','Device','Trerth01wNET_CIV','Aah987w7','BY-973',false,NULL);
INSERT INTO Widget VALUES('WDG#473','Device','Brore01wNET_TRACK','Cax987w14','DV-1394',true,NULL);
INSERT INTO Widget VALUES('WDG#474','Terminal','Brore01wNET_TRACK','Eaw246e5','BY-951',true,NULL);
INSERT INTO Widget VALUES('WDG#475','Terminal','Povebos04zNET_CIV','Cax987w14','DV-1542',true,NULL);
INSERT INTO Widget VALUES('WDG#476','Device','Ginda02xNET_SAT','Eay0016','AX-408',true,NULL);
INSERT INTO Widget VALUES('WDG#477','Pad','Brore06vNET_SURV','Aar003s11','DV-553',false,NULL);
INSERT INTO Widget VALUES('WDG#478','Terminal','Zebetis05uNET_CIV','Eap246e1','DV-1174',false,NULL);
INSERT INTO Widget VALUES('WDG#479','Terminal','Ginda02xNET_SAT','Day0018','DV-1021',true,NULL);
INSERT INTO Widget VALUES('WDG#480','Device','Brore03yNET_SAT','Far00113','DV-739',false,NULL);
INSERT INTO Widget VALUES('WDG#481','Device','Zebetis04zNET_CIV','Aar003s11','DV-374',false,NULL);
INSERT INTO Widget VALUES('WDG#482','Pad','Brore06vNET_SURV','Eay0014','DV-729',true,NULL);
INSERT INTO Widget VALUES('WDG#483','Pad','Zebetis04zNET_CIV','Eay0016','BY-1317',false,NULL);
INSERT INTO Widget VALUES('WDG#484','Pad','Trerth01wNET_CIV','Eay0014','DV-556',true,NULL);
INSERT INTO Widget VALUES('WDG#485','Pad','Trerth05uNET_DEF','Ear019k19','AX-623',true,NULL);
INSERT INTO Widget VALUES('WDG#486','Device','Brore01wNET_TRACK','Far00113','BY-738',true,NULL);
INSERT INTO Widget VALUES('WDG#487','Pad','Zebetis05uNET_CIV','Eap0012','DV-192',false,NULL);
INSERT INTO Widget VALUES('WDG#488','Device','Trerth05uNET_DEF','Eay0016','AX-405',true,NULL);
INSERT INTO Widget VALUES('WDG#489','Device','Zebetis05uNET_CIV','Aax00121','DV-658',false,NULL);
INSERT INTO Widget VALUES('WDG#490','Terminal','Povebos04zNET_CIV','Eah246e9','BY-448',false,NULL);
INSERT INTO Widget VALUES('WDG#491','Pad','Brore01wNET_TRACK','Cah99q3','CW-1027',true,NULL);
INSERT INTO Widget VALUES('WDG#492','Terminal','Brore03yNET_SAT','Eaw246e5','AX-912',false,NULL);
INSERT INTO Widget VALUES('WDG#493','Pad','Brore03yNET_SAT','Eay0016','CW-107',true,NULL);
INSERT INTO Widget VALUES('WDG#494','Terminal','Brore06vNET_SURV','Cah99q3','CW-793',true,NULL);
INSERT INTO Widget VALUES('WDG#495','Pad','Ginda02xNET_SAT','Cax987w14','AX-194',false,NULL);
INSERT INTO Widget VALUES('WDG#496','Pad','Zebetis02xNET_SAT','Aah987w7','DV-113',true,NULL);
INSERT INTO Widget VALUES('WDG#497','Terminal','Trerth05uNET_DEF','Far00113','DV-1032',true,NULL);
INSERT INTO Widget VALUES('WDG#498','Device','Trerth01wNET_CIV','Cax987w14','AX-850',true,NULL);
INSERT INTO Widget VALUES('WDG#499','Device','Trerth05uNET_DEF','Aar003s11','AX-1319',false,NULL);
INSERT INTO Widget VALUES('WDG#500','Device','Ginda02xNET_SAT','Cax987w14','BY-1120',true,NULL);
SELECT 'WIDGET RELATION BUILT' AS MSG;
SELECT 'IMPERIAL DEFENSE DATABASE POPULATION COMPLETE' AS MSG;

